attempt	cmd	sha	start_cst	end_cst	exit	note
A1	uc052:external-sink-async-purge:prove	4f631fec	2026-10-07 00:03:22	2026-10-07 00:05:13	1	infra: node_modules missing + PG boot
A1b	uc052:external-sink-async-purge:prove	4f631fec	2026-10-07 00:05:31	2026-10-07 00:05:43	1	C-UNCOMMITTED dirty logs/
A2	uc052:external-sink-async-purge:prove	4f631fec	2026-10-07 00:05:48	2026-10-07 00:06:00	1	42501 evidence table ACL (kept)
A3	uc052:external-sink-async-purge:prove	7ca567e0	2026-10-07 00:06:51	2026-10-07 00:07:02	1	42501 raw request UPDATE (kept)
A4	uc052:external-sink-async-purge:prove	43e14132	2026-10-07 00:07:23	2026-10-07 00:07:35	0	primary PASS @ earlier CODE
R-retention	uc052:external-sink-retention:prove	43e14132	2026-10-07 00:08:22	2026-10-07 00:08:34	1	EXT-NEG-05/06 55000 vs 40901 (kept · fixed in b0177922)
A5	uc052:external-sink-async-purge:prove	b0177922	2026-10-07 00:09:14	2026-10-07 00:09:26	0	primary PASS CODE tip
A5-http	privacy-erasure:http:prove	b0177922	~00:09:26	~00:09:40	0	DELETE=503
A5-retention	uc052:external-sink-retention:prove	b0177922	~00:09:40	~00:09:52	0	AN-PRIV-EXT co-adapted
A5-authz	privacy-authorization:prove	b0177922	~00:09:52	~00:10:04	0	F1 co-adapted
A5-internal	uc052:internal-erasure:prove	b0177922	~00:10:04	~00:10:16	0	Line B regression
MUT-1	uc052:external-sink-async-purge:prove	7d7f1235(-0139)	2026-10-07 00:10:52	2026-10-07 00:14:41	1	EXIT≠0 load-bearing: receipt-sources/migration 0140 + PG boot · Ban loop
